input,state,target
3.006270818554126478e-01,4.962989811403558105e-01,0.000000000000000000e+00
4.195605723994124681e-01,4.911387301652874737e-01,0.000000000000000000e+00
2.297467938629103590e-01,4.867253576208209753e-01,0.000000000000000000e+00
4.965640376518654087e-02,4.731457497916936039e-01,0.000000000000000000e+00
2.321647673337366435e-01,4.795960635105291914e-01,0.000000000000000000e+00
7.945442022387283476e-02,4.765406517489754745e-01,0.000000000000000000e+00
4.158953631443534915e-01,4.934472634962391302e-01,0.000000000000000000e+00
4.632666320079554256e-01,4.869290517382579009e-01,0.000000000000000000e+00
4.868740542711902930e-01,4.741642203788781207e-01,0.000000000000000000e+00
4.861978512946175113e-01,4.891696870300640265e-01,0.000000000000000000e+00
2.525916377379876510e-01,4.788491850799271310e-01,3.192463618586091068e-01
1.192785202924652177e-01,4.693434595995379377e-01,3.598360587045633663e-01
1.564388860578488916e-01,4.758616713575190005e-01,2.612745211197783357e-01
4.747020351313098185e-01,4.875401340905686220e-01,2.023192105529239559e-01
2.793114696892700644e-01,4.838057419375585977e-01,3.375686613264456959e-01
4.669048897594596514e-01,4.927003850656371253e-01,2.595436077344742687e-01
1.932288397194329987e-01,4.854352948770538911e-01,4.917159985188211957e-01
4.209503299567251555e-01,4.876080321297143749e-01,4.366528314305263558e-01
1.361719933513781400e-01,4.693434595995379377e-01,5.966734610413229056e-01
1.860263051824039837e-01,4.788491850799271310e-01,4.757137262140428424e-01
3.531617055987094078e-01,4.861821733076558405e-01,4.021685681422063618e-01
2.647419121387983298e-01,4.722630752828002043e-01,3.607213842379634050e-01
2.221943552371761776e-01,4.804787380194223689e-01,3.393165868404405261e-01
3.955438618061983824e-01,4.847563144855975281e-01,4.262164962315623251e-01
1.432030419583900649e-01,4.755221811617908467e-01,4.815195263996201458e-01
2.321358008436843479e-01,4.732815458699848321e-01,4.475594084678516937e-01
1.195845908564832083e-01,4.719235850870721061e-01,4.013175851065791111e-01
4.319930906627172940e-01,4.874043380122773383e-01,3.835489778185048326e-01
2.850151662747814618e-01,4.885586046777531388e-01,3.860487410566165734e-01
3.646300502172107327e-01,4.810219223325874482e-01,3.745648300655740615e-01
3.850861778240953770e-01,4.744358125354606881e-01,4.804983202744385062e-01
4.064695843005191600e-01,4.846884164464518863e-01,4.951253472435896974e-01
3.360858065439327746e-01,4.758616713575191115e-01,4.883758629344721047e-01
2.323582086597172913e-01,4.780344086101794288e-01,5.525003157996968284e-01
4.000449771657595965e-01,4.815651066457526386e-01,4.397272716412587990e-01
4.664464569814875117e-01,4.937188556528216976e-01,4.690385176834721559e-01
3.970366941925504434e-01,4.725346674393828827e-01,4.292288668131322149e-01
3.368427723823885223e-01,4.720593811653633898e-01,5.825919964062419298e-01
4.800200964667961090e-01,4.918856085958894786e-01,5.556276702029876446e-01
2.733879120632400905e-01,4.711088086173244593e-01,6.644526734047505601e-01
2.315350018486082573e-01,4.743000164571694599e-01,6.285873259825246473e-01
1.388382323469763979e-01,4.755221811617908467e-01,5.964849310842906815e-01
4.451230379500871748e-01,4.911387301652874737e-01,5.101860499378706448e-01
2.834285889094079747e-01,4.675102125426057187e-01,5.466731537740825431e-01
3.499127711692517351e-01,4.854352948770538911e-01,5.822976712048427705e-01
3.409758138085630108e-01,4.756579772400821859e-01,6.815419031580743914e-01
2.286778958130800676e-01,4.700903380301398871e-01,7.044187225994216206e-01
4.051796290347511875e-01,4.771517341012861957e-01,6.400558307407545611e-01
2.377774531092801680e-01,4.802750439019854989e-01,7.793057831737084662e-01
2.589327600509945815e-01,4.764727537098297216e-01,6.781062562620626677e-01
1.011227302897694247e-01,4.759974674358103397e-01,6.085791899992547549e-01
1.455937562409429509e-01,4.741642203788781762e-01,4.961770988051044107e-01
2.384720833394542439e-01,4.783060007667619962e-01,5.005570481661243409e-01
1.034457680210332797e-01,4.745716086137519163e-01,5.071678182813835756e-01
1.780794582524165004e-01,4.754542831226452049e-01,4.631152349447208438e-01
9.567502984961401280e-02,4.742321184180237625e-01,4.703170894675392510e-01
2.990802959427505958e-01,4.751147929269170511e-01,4.114292890949609038e-01
4.640759735488235171e-01,4.861142752685102542e-01,5.194712413827394792e-01
2.712344961850575165e-01,4.788491850799270755e-01,5.625077845707199264e-01
3.141529112901945697e-01,4.774912242970142939e-01,5.208417751541157825e-01
4.596303037349911969e-01,4.846884164464519418e-01,4.356817615384280806e-01
4.284977648242332404e-01,4.836020478201216721e-01,4.375481181456832847e-01
1.575028627873805154e-01,4.733494439091304740e-01,4.901796226142520752e-01
2.621015656248878445e-01,4.812935144891700712e-01,3.895840306268589792e-01
8.141471122008470118e-03,4.723988713610915435e-01,3.784529805241115819e-01
4.060443800725229146e-01,4.878117262471512450e-01,3.020515044112179748e-01
3.715190581913463408e-01,4.826514752720827417e-01,4.399477117244668944e-01
5.847233570350057752e-02,4.768122439055579309e-01,5.890700773128279000e-01
4.193048878686463365e-01,4.847563144855975281e-01,4.344022581153086371e-01
4.644590931099774056e-01,4.795281654713834385e-01,5.238636968167976748e-01
4.602778342833198644e-01,4.848242125247431700e-01,6.931726739315912100e-01
3.152853751726806819e-01,4.731457497916936039e-01,7.659363759109061309e-01
1.369150267450137126e-01,4.745037105746062744e-01,5.960076230334010461e-01
1.168785553885609563e-01,4.766764478272667027e-01,4.849848700306204075e-01
4.074595687915733011e-02,4.774912242970144050e-01,3.732101932901870089e-01
3.589718734435558001e-01,4.931756713396565628e-01,3.338641025259804773e-01
3.576425216690337638e-01,4.876759301688600168e-01,4.875864768053942422e-01
9.964018684237430090e-02,4.715840948913439523e-01,4.064182196014475279e-01
1.131153127476151599e-01,4.767443458664123446e-01,3.882202901093483316e-01
9.626049436130618142e-02,4.710409105781788175e-01,3.933612313338042954e-01
6.902494572715250909e-02,4.774233262578687631e-01,3.812894144144749475e-01
2.464117367337270714e-01,4.804787380194223689e-01,3.349346220124030382e-01
7.397598841409397386e-02,4.717877890087808224e-01,3.210858677669027328e-01
1.770384521472873618e-01,4.745037105746063300e-01,2.719863681791560017e-01
3.433073978603118359e-01,4.849600086030344537e-01,2.426244080449241614e-01
2.258702758701012780e-01,4.750468948877714648e-01,4.008476486236979275e-01
3.980964860637992708e-01,4.846205184073061889e-01,4.141463865602335037e-01
1.300621734379482919e-01,4.761332635141015679e-01,3.573562771846464647e-01
2.199049816474983876e-01,4.806145340977137081e-01,2.919168384351720213e-01
4.571809657044170749e-01,4.837378438984130113e-01,2.690925340409439093e-01
1.401331563992286866e-01,4.717877890087808224e-01,2.722653181563079450e-01
2.702609454378559484e-01,4.818366988023351505e-01,2.767144982916841522e-01
3.721516124494735345e-01,4.913424242827243438e-01,2.561438707201200149e-01
1.468090458542573584e-01,4.764727537098297772e-01,3.147724470044110934e-01
3.173059050742885745e-01,4.791886752756552847e-01,3.187575711084398855e-01
2.824818639593695835e-02,4.715840948913438413e-01,3.536873939920396337e-01
1.754768381195104254e-01,4.787812870407814891e-01,2.782355319154947715e-01
7.272437180962942893e-02,4.757258752792277723e-01,2.592865052742525656e-01
3.893206338424834434e-01,4.795281654713834385e-01,2.392528405562678318e-01
4.551964290201732100e-02,4.758616713575191115e-01,4.727132996081273575e-01
1.427333524859428771e-01,4.757258752792277723e-01,3.232778644494274101e-01
2.094336415535094087e-01,4.795960635105290804e-01,3.048386004970535801e-01
1.446071735169301986e-01,4.777628164535968613e-01,3.559327254977859845e-01
4.394604364217850612e-01,4.978606360407055176e-01,2.959428807494383085e-01
2.644179968674733039e-01,4.888301968343357617e-01,4.453273000931333714e-01
6.173703514002415460e-02,4.755221811617909577e-01,3.189156666296896203e-01
2.198520622428283833e-01,4.797318595888204196e-01,2.644458263153602329e-01
8.522457285722939702e-02,4.743000164571694599e-01,2.466848889323131622e-01
3.416910408323831083e-01,4.924966909482003108e-01,2.640750640258295867e-01
1.428369632870674089e-02,4.700903380301398871e-01,2.460217909088305566e-01
1.781732492184838201e-01,4.762011615532472097e-01,2.145732071074071823e-01
4.705863655300026593e-01,5.013234360371330300e-01,2.520672225558052704e-01
1.639611654897832893e-01,4.730778517525479065e-01,3.142954045765384841e-01
2.884819133913479328e-01,4.849600086030344537e-01,3.473514501946828315e-01
3.571238705536928237e-01,4.820403929197720205e-01,3.692300498034793987e-01
1.861175246769541936e-03,4.705656243041593245e-01,2.962281460583228720e-01
1.302679973730612173e-01,4.787133890016358473e-01,2.311759310391636735e-01
4.251373722471892269e-01,4.917498125175981949e-01,2.181589718003022482e-01
3.514528124562968925e-01,4.767443458664123446e-01,4.133776541419915684e-01
2.984254197185597368e-01,4.748432007703344837e-01,2.915343792416008051e-01
2.456624464391997664e-01,4.754542831226452604e-01,3.101895107513935601e-01
7.355890320946267824e-02,4.735531380265672885e-01,4.136697249422721656e-01
4.091077406825111562e-01,4.854352948770538911e-01,3.084870649769440032e-01
4.600735383792063371e-01,4.876080321297142639e-01,4.189251154680397882e-01
3.273056732120418477e-01,4.780344086101794288e-01,5.406471101962738723e-01
4.532871231272622703e-01,4.828551693895196673e-01,3.561639007173728055e-01
4.987390168155803605e-01,4.834662517418303329e-01,3.577925432434460040e-01
2.312875145217833106e-01,4.786454909624901499e-01,5.903071460352139477e-01
4.157890438828272806e-01,4.802071458628398015e-01,5.171158384344344272e-01
1.867863880131404031e-01,4.770838360621404983e-01,5.473914721346374579e-01
9.950146983261698441e-02,4.785775929233445636e-01,4.523972534473035267e-01
2.271438379038797084e-01,4.807503301760049363e-01,3.485529201211581274e-01
2.358856965632163405e-01,4.886944007560444225e-01,4.212953947884937600e-01
4.833373689849341792e-01,4.872685419339861101e-01,4.850328720731633680e-01
1.158553230406488277e-01,4.733494439091304740e-01,5.947709329987450610e-01
3.453442742909206831e-01,4.859105811510733841e-01,4.961082756313788256e-01
2.097772397553612778e-01,4.737568321440043251e-01,6.265204861454359841e-01
7.790618386987629984e-02,4.772875301795774794e-01,5.198547388226634203e-01
4.132464596141368629e-01,5.005765576065309697e-01,4.347438920483280844e-01
3.046960213560497843e-01,4.810219223325875038e-01,4.532983341758556328e-01
4.401531219311689003e-01,4.921572007524719905e-01,3.909959653545821423e-01
4.622951021536186866e-01,4.928361811439284645e-01,4.605413792056008981e-01
3.938550366519054102e-01,4.783060007667619962e-01,5.141805314097637192e-01
4.491635485994280863e-01,4.749789968486258229e-01,6.677307802129477388e-01
2.215247409738279605e-01,4.825156791937915690e-01,5.506088678342961895e-01
3.009735987681464997e-01,4.768122439055579309e-01,5.207428563734118887e-01
4.646264429924278905e-01,4.826514752720828527e-01,4.847395217524348432e-01
4.790334101914315856e-01,4.781702046884707680e-01,4.208405240230730371e-01
1.467361773980687123e-01,4.782381027276163543e-01,6.262631862005866301e-01
3.575028401995417049e-01,4.763369576315385490e-01,5.143260130743443348e-01
3.021295522194206162e-01,4.775591223361599913e-01,6.227956742879424690e-01
4.217187675179358552e-01,4.732136478308391903e-01,6.639664934536472218e-01
3.260419328480897994e-01,4.785096948841989217e-01,7.337863359825574916e-01
2.786378906234941444e-01,4.847563144855975281e-01,7.528159728821010033e-01
1.738264324553721596e-01,4.863179693859471797e-01,6.401702045866960455e-01
2.156070958213223698e-01,4.881512164428793987e-01,5.619520037990731742e-01
9.527812426566084625e-02,4.804108399802767826e-01,5.880448189666013237e-01
1.676816495159640930e-01,4.766764478272667027e-01,5.249631386683928369e-01
1.190113696202459992e-01,4.808861262542961645e-01,4.578983582388514995e-01
3.261333664133266863e-01,4.859784791902190260e-01,4.399495257660791525e-01
2.145189123486146987e-01,4.751826909660626930e-01,5.114710774504814816e-01
8.776221213596629989e-02,4.795281654713835495e-01,5.393863877522073746e-01
1.787106177174369592e-01,4.826514752720827417e-01,4.598225525359744825e-01
4.860738257921132233e-02,4.739605262614411951e-01,4.385504037033575164e-01
4.400838690475837311e-01,4.966384713360840197e-01,3.574334234262667165e-01
2.502029431199317977e-01,4.842131301724325043e-01,4.367621479515252370e-01
1.847777177938056403e-01,4.865216635033841053e-01,3.706114623440576183e-01
2.664033129203252637e-02,4.751826909660626930e-01,3.417295899136409965e-01
1.325080300435361735e-01,4.781023066493251261e-01,2.816625826632575547e-01
3.633741318195182757e-01,4.902560556563940741e-01,3.081522797283418602e-01
3.981908546659915227e-01,4.815651066457525831e-01,3.717043835995373913e-01
4.660211113670559291e-01,4.964347772186471497e-01,3.365209122881407389e-01
1.106233172402232290e-02,4.783738988059075825e-01,3.881866559111392112e-01
2.436886407440919111e-01,4.912066282044331156e-01,2.877439420941871884e-01
2.936735267718641462e-01,4.821082909589176069e-01,3.972630881199720188e-01
8.892691864597224161e-02,4.783060007667619962e-01,3.993208957864080588e-01
4.555113697835289077e-03,4.817009027240438668e-01,3.139834917412456794e-01
4.281045840010211379e-03,4.738247301831498559e-01,2.481666488465404663e-01
4.961187397826498646e-01,5.123908164178718749e-01,2.166542141730097293e-01
3.782810343011422383e-01,4.875401340905686776e-01,4.708093497750615031e-01
1.034064404236907375e-01,4.785775929233445636e-01,5.479370044408694573e-01
2.456374396249574876e-01,4.814293105674612994e-01,4.354745797867173307e-01
1.987627425273852944e-01,4.827193733112283835e-01,3.154017791007307503e-01
2.752296631436201291e-01,4.845526203681606026e-01,3.245637369709191145e-01
4.275525503065878974e-01,4.897128713432290503e-01,3.781611651891145787e-01
2.108076117008590988e-01,4.817009027240438113e-01,3.395030994650316547e-01
3.182094891141629689e-01,4.815651066457525831e-01,2.642432350590805390e-01
1.718036637529703481e-01,4.763369576315385490e-01,2.280995138923981036e-01
9.745544926257265761e-02,4.812256164500244293e-01,3.364375620848397697e-01
1.581181447155544650e-01,4.796639615496747777e-01,3.174718421813809699e-01
1.080943366184244914e-02,4.786454909624901499e-01,2.751230792936126823e-01
2.989965469476906224e-01,4.835341497809760858e-01,2.307386023987797186e-01
2.487612651469599534e-01,4.785096948841989217e-01,2.930888430084693241e-01
2.715194820752214744e-02,4.806824321368593500e-01,3.344055017886810033e-01
2.287068816714747932e-01,4.923608948699088605e-01,2.678501973771848510e-01
1.559338809490636302e-01,4.804108399802767271e-01,2.913384465359324382e-01
1.916735775870082037e-01,4.763369576315385490e-01,3.031835276805998625e-01
1.476537646541570825e-01,4.831267615461022347e-01,2.839745171472912721e-01
4.940850337823784466e-01,5.010518438805504626e-01,2.484304053552858493e-01
3.249858920025588960e-02,4.806824321368592945e-01,3.270615746357370401e-01
3.087725045473813656e-01,4.855710909553452304e-01,2.453366330523551464e-01
1.556983168787263727e-01,4.840094360549954677e-01,3.467426662339513355e-01
8.393244977495911696e-02,4.803429419411311407e-01,3.131160226941425706e-01
9.126204783300573276e-02,4.830588635069566483e-01,2.437169088691391872e-01
1.924199386722434957e-01,4.833304556635391047e-01,2.394059869919679673e-01
3.380807344848967277e-01,4.744358125354606881e-01,2.508522397243528879e-01
6.028003186028391136e-02,4.806145340977137081e-01,3.075995349208412444e-01
4.911466221174719538e-01,5.017308242720068812e-01,2.487905728870457300e-01
3.815503739547307371e-01,4.873364399731316965e-01,5.731100524507030114e-01
4.615517130686491720e-01,4.879475223254424732e-01,3.792425509884599366e-01
2.126340073811033848e-02,4.751147929269170511e-01,4.872356139515893192e-01
2.839110255386264048e-01,4.865895615425297471e-01,3.337185579418181502e-01
6.490333059974245922e-02,4.831946595852478765e-01,2.922044310028062419e-01
5.719222869268958398e-03,4.806145340977137081e-01,2.455762440188494766e-01
2.503931003576179704e-01,4.819724948806264342e-01,2.165526190991977629e-01
3.362508253106235023e-01,4.893733811475008966e-01,3.280542867373456573e-01
2.177878737921646324e-01,4.809540242934418619e-01,2.847875484715932659e-01
4.828576736325444485e-01,4.863858674250928216e-01,3.941460623674069019e-01
3.366538026598862032e-01,4.937867536919672840e-01,5.642535923792598718e-01
4.121361676845547439e-01,4.821761889980633597e-01,6.018222486423797646e-01
3.497974931978202195e-01,4.847563144855975281e-01,4.064838568639882466e-01
2.044525448809642043e-01,4.805466360585680663e-01,4.454532030392497344e-01
1.890595362251218381e-01,4.806824321368592945e-01,3.377162614260237894e-01
1.856287889629776866e-01,4.853673968379082493e-01,2.675224221457266349e-01
1.631551548850712074e-01,4.823798831155002853e-01,3.014321356396543194e-01
4.043600396527904928e-01,4.924287929090545579e-01,3.319778325356246285e-01
9.763560165123341683e-02,4.808182282151506337e-01,3.970169372904341909e-01
1.425493413627199057e-01,4.788491850799271310e-01,3.701739757254218777e-01
1.779752099417120093e-01,4.866574595816753890e-01,3.575131327200684606e-01
4.203078304929425135e-01,4.981322281972880850e-01,3.855123548293003521e-01
4.781013436196944744e-01,4.791886752756552847e-01,5.055953297432841387e-01
1.112982513948424512e-01,4.758616713575190005e-01,4.918351049979503564e-01
4.163741962919615403e-01,4.936509576136760558e-01,3.712415068978640598e-01
4.371217448464075339e-01,4.920214046741807623e-01,3.974703260163487961e-01
1.251639195885236311e-01,4.819724948806264342e-01,4.039199475088166569e-01
3.019534659982821001e-01,4.804108399802767271e-01,3.781244361832739598e-01
3.735784721926710406e-02,4.820403929197720205e-01,3.343885116305580496e-01
1.995179780096099087e-01,4.822440870372089461e-01,2.751116147671134882e-01
4.481233482203249019e-01,4.947373262400062144e-01,2.894539279675971688e-01
2.487690171377366921e-01,4.860463772293646123e-01,5.248296309614037813e-01
1.040863049364981197e-01,4.817009027240438668e-01,5.400844776044936291e-01
1.747475583230199137e-01,4.817688007631894531e-01,3.875936077691659598e-01
3.642477719686156856e-01,4.867932556599666727e-01,4.010423809569405584e-01
3.366762679844314543e-01,4.876759301688599058e-01,5.379889570525738796e-01
4.186082095098449529e-01,4.893733811475008411e-01,4.341552790205647216e-01
3.719956216349781797e-01,4.796639615496746667e-01,5.089089073476302794e-01
2.100048007398327976e-01,4.727383615568196973e-01,3.812428564647905027e-01
9.303239501145504908e-02,4.817688007631894531e-01,3.588162747855855317e-01
2.787362268502913132e-01,4.885586046777533054e-01,3.484756626275195002e-01
3.335463417864431013e-01,4.787812870407814891e-01,3.856219024544464968e-01
2.654389733659584527e-01,4.768801419447036283e-01,3.503618478295026373e-01
2.876879219990102765e-01,4.834662517418304439e-01,3.464084814115191424e-01
2.256157344568111012e-01,4.806145340977137081e-01,4.313071406718460565e-01
1.673487225516589461e-01,4.814972086066069967e-01,4.313888861184657086e-01
1.984094584824847574e-01,4.791207772365096429e-01,4.202719234201073295e-01
1.127802807201048196e-01,4.781702046884707125e-01,4.200655123007246416e-01
2.158824421944425254e-01,4.803429419411310297e-01,3.429121141132286388e-01
4.061086832525390156e-01,4.930398752613652791e-01,2.987639204446185803e-01
4.576868778804885629e-01,4.975890438841229502e-01,4.158252943945314195e-01
4.079659738262358948e-01,4.901202595781028459e-01,5.336365770564920341e-01
7.991913363297853401e-02,4.818366988023351505e-01,5.290117003492281755e-01
3.553990037034329141e-01,4.963668791795014523e-01,4.034793001178076377e-01
2.803999042437738121e-02,4.830588635069566483e-01,4.265877396276541722e-01
3.817983598469700812e-01,4.863179693859471797e-01,3.250664621316974312e-01
1.043677440029369130e-01,4.840773340941411651e-01,3.780410578646333786e-01
1.120258820574289715e-01,4.846884164464519418e-01,3.080636797154253093e-01
6.504296380297874824e-02,4.837378438984130113e-01,2.897137212540354945e-01
1.596064005315346868e-01,4.819045968414807923e-01,2.831486904426006035e-01
3.087726600753821216e-01,4.922250987916176324e-01,3.496281045403153986e-01
1.523212708163610429e-01,4.786454909624901499e-01,4.607319872669159988e-01
3.747135067946206766e-01,4.862500713468015934e-01,3.429469130742499594e-01
4.229186118872317324e-01,4.922250987916176324e-01,4.638148565715547456e-01
4.169546536530829295e-01,4.884228085994618551e-01,3.410624676018325641e-01
2.532001431752351484e-01,4.817009027240438668e-01,5.015135242014066019e-01
2.363114322572588133e-01,4.872685419339861101e-01,3.833409883842889831e-01
3.789136406989518924e-01,4.859105811510733841e-01,3.260892113808386839e-01
4.794034105817732150e-01,4.956878987880450893e-01,2.958063987206329681e-01
3.803128933319399052e-01,4.822440870372090016e-01,3.589510475841948267e-01
1.760756492658326344e-01,4.860463772293646123e-01,4.524600351691188127e-01
4.442810829913734771e-01,4.928361811439284645e-01,3.648022458575491678e-01
2.718339942565995426e-01,4.829909654678109510e-01,5.290318552818243925e-01
4.269666988996185242e-01,4.972495536883947409e-01,5.374077188706000152e-01
1.721470351038376645e-01,4.773554282187230657e-01,6.381733302398225893e-01
4.438211890468848342e-01,4.963668791795014523e-01,4.968351907047910965e-01
4.783394098309813880e-01,4.902560556563941851e-01,5.152494872209327781e-01
1.727852059291623554e-02,4.804787380194224800e-01,6.427614243126770210e-01
2.897496122542617680e-01,4.898486674215202785e-01,4.605279074757760993e-01
3.979477074647916890e-01,4.865216635033841608e-01,5.184961244654997525e-01
4.939539091541715332e-01,4.835341497809760858e-01,4.943138871353696118e-01
5.482031458184838391e-02,4.804108399802767826e-01,7.059380052142573136e-01
3.711772335290445257e-01,4.900523615389572596e-01,5.296346136103222690e-01
2.299554649406971851e-01,4.845526203681606026e-01,6.433021100781323165e-01
3.820922985037578101e-01,4.966384713360840197e-01,5.339493457285943157e-01
1.887098816940629975e-02,4.804108399802767826e-01,6.624866734653408473e-01
2.450997562931430673e-01,4.882870125211707379e-01,5.013154041002571004e-01
8.436799783695148047e-02,4.780344086101794288e-01,3.994396121223041662e-01
1.055496119432594582e-01,4.780344086101794288e-01,3.653356603062536401e-01
1.561994766272172819e-01,4.864537654642385189e-01,3.704097557604558721e-01
4.856615814769957851e-01,5.079095458342598457e-01,4.232759155958585318e-01
4.323622422763693796e-01,4.818366988023351505e-01,3.755968903048961804e-01
1.351749800311889960e-01,4.775591223361599913e-01,5.436359810070920950e-01
2.630690454496191766e-01,4.876080321297143749e-01,4.406993544747783709e-01
2.123175614457864513e-01,4.814972086066069967e-01,4.847013878158957789e-01
2.825903388194367372e-02,4.809540242934418619e-01,3.620994364787460951e-01
3.928765761337992268e-01,5.004407615282396860e-01,2.962642868566878196e-01
1.000628313890429277e-01,4.774233262578687631e-01,2.987618533020032219e-01
3.364634255934644269e-01,4.914782203610156275e-01,2.646374519874927222e-01
9.048328824883777877e-02,4.829230674286653091e-01,3.093004694655390741e-01
9.995990573789637068e-03,4.819045968414807923e-01,3.174577331832860727e-01
1.971454909241796005e-01,4.842131301724325043e-01,2.603411815698384313e-01
7.802367381136626756e-02,4.827872713503740809e-01,2.646497856013612093e-01
2.472627215585348481e-01,4.840094360549954677e-01,2.538361858926132530e-01
5.255370379293256011e-02,4.826514752720828527e-01,2.943957251079895032e-01
4.129315559158142079e-01,5.042430517203954077e-01,2.335538416605671130e-01
2.805525346556052568e-01,4.836020478201216721e-01,4.460309684774721450e-01
5.811405344184616961e-03,4.816330046848982249e-01,3.415512928336634779e-01
1.274117117798945764e-01,4.857068870336364586e-01,2.563877936712589678e-01
3.735807683824378667e-01,4.879475223254424732e-01,2.323790806571188194e-01
2.984390215267707092e-02,4.782381027276163543e-01,2.090169363411262804e-01
2.181959953129470886e-01,4.821761889980632487e-01,2.007107236223976687e-01
2.525361764318870827e-01,4.951447144748799545e-01,2.131721232264492394e-01
1.337096980481909947e-01,4.772196321404317265e-01,2.861919030510062800e-01
1.200307952732829753e-01,4.850279066421800955e-01,2.352254986658915692e-01
2.598759515182985647e-02,4.791886752756552847e-01,2.761314172359911057e-01
4.558917001872067609e-01,5.110328556349591489e-01,2.310092827716048181e-01
6.803518152229981464e-02,4.812935144891700157e-01,2.019425073152344430e-01
4.064046451137569571e-01,4.900523615389572041e-01,1.972346271211088131e-01
3.290894467128757661e-02,4.797318595888204196e-01,4.094222992663815175e-01
3.299814769220319466e-01,4.947373262400062144e-01,2.746600029527581088e-01
2.276213902757160956e-01,4.720593811653633898e-01,3.250843998368225796e-01
3.895683034453257254e-01,4.954163066314626329e-01,3.268241601019267195e-01
4.811765421619194072e-01,4.954163066314626329e-01,3.213434614065484585e-01
4.759528963069220575e-01,4.893733811475008966e-01,3.280070946682377975e-01
3.189796298601905722e-01,4.927682831047827117e-01,2.643796726833682609e-01
2.720706506351711629e-01,4.829909654678109510e-01,4.355136006958925110e-01
1.833518988059775201e-01,4.751147929269171621e-01,3.255848093826128609e-01
4.425993538425616602e-01,4.997617811367833229e-01,3.616727224521311124e-01
2.185957414878348382e-01,4.806145340977137081e-01,2.913369554014981766e-01
4.583740156771219931e-01,4.878796242862968313e-01,3.430063546547356124e-01
4.216805624410169262e-01,4.825156791937915135e-01,4.163917761324492650e-01
2.816191357230971026e-01,4.824477811546458161e-01,5.424069428094521195e-01
7.397325296771378733e-02,4.767443458664123446e-01,5.644220544843411291e-01
7.801307796011347495e-03,4.808861262542961645e-01,4.314307772590136869e-01
2.145271344016160819e-01,4.834662517418304439e-01,3.189335013454116519e-01
4.160664057875362309e-01,4.870648478165492401e-01,3.475061110914209328e-01
2.263472565440047823e-01,4.869969497774035427e-01,3.871871599178773327e-01
2.812072588262480854e-01,4.964347772186471497e-01,4.439484401609800068e-01
1.553386547707478749e-01,4.776270203753056331e-01,4.161019164121750880e-01
4.385285005727070362e-01,4.992185968236182991e-01,4.192526083100066581e-01
4.139630714698088743e-01,4.881512164428793987e-01,5.930331815600218270e-01
7.895423467124629280e-03,4.782381027276163543e-01,5.851514474324267523e-01
3.965612252322684439e-01,4.920214046741807623e-01,4.082844284370975574e-01
4.409633522458280552e-01,4.800034517454029870e-01,3.159446710481900178e-01
2.042283868019865167e-01,4.721272792045089761e-01,4.035880177171797811e-01
1.184907415665851227e-01,4.770838360621404983e-01,4.357102327065308645e-01
2.466517391858728536e-01,4.871327458556947709e-01,3.669780894522325365e-01
1.421581967280201031e-01,4.831267615461022347e-01,3.946486810207968654e-01
4.072563218247069461e-01,4.890338909517726873e-01,3.371315777715904183e-01
2.425533113757054604e-01,4.812256164500244293e-01,5.408340852743007687e-01
6.684358546043611682e-02,4.791886752756552847e-01,5.313403344506615333e-01
1.955052459520211783e-01,4.868611536991122035e-01,3.749529306455698929e-01
4.160040792169641954e-01,4.838057419375585977e-01,4.058224022936389730e-01
4.837506411617740754e-01,4.878796242862968313e-01,5.802451871675115003e-01
3.365390486153245209e-01,4.857068870336364586e-01,5.490868590942576954e-01
1.913656949318282008e-01,4.850279066421800955e-01,4.485456138530669046e-01
3.131698637179788913e-01,4.880154203645881705e-01,4.069509976530156781e-01
5.271903382543297045e-02,4.772875301795774794e-01,3.818441169032092963e-01
3.907370185161666565e-01,4.937867536919672840e-01,3.337569621402893816e-01
4.042949119727819451e-01,4.771517341012861957e-01,4.182750305132992841e-01
8.600069479935151806e-02,4.781702046884707125e-01,3.586843690299562626e-01
2.100343360206221588e-01,4.895770752649378221e-01,3.091925429868963016e-01
1.722641701351809718e-01,4.800713497845485733e-01,3.886334776978476180e-01
4.242422148196554610e-01,4.920893027133262931e-01,4.227208167683447204e-01
9.637991280003149752e-02,4.800034517454029315e-01,5.258954286098604936e-01
2.606917502797680974e-01,4.832625576243935184e-01,3.904687896179965811e-01
8.796307762028665600e-03,4.783060007667619962e-01,4.164543438198781145e-01
7.401312443404972630e-03,4.797997576279661169e-01,3.077968010316733394e-01
4.945863830048565779e-01,5.138845732790759957e-01,2.562645822170266374e-01
2.883125504193209121e-01,4.886265027168988917e-01,5.254358514237015276e-01
4.988895918061082568e-01,5.022740085851719050e-01,3.973240084851451526e-01
2.941298933574657548e-01,4.880154203645881705e-01,4.546496563414688108e-01
2.003040254499630080e-01,4.779665105710337869e-01,4.052737863694478859e-01
1.391723882506454291e-01,4.808861262542961645e-01,4.321756807849994608e-01
4.073498337223013799e-01,4.899844634998115067e-01,3.386225167372350908e-01
1.967619862376465134e-01,4.872006438948404683e-01,4.273214946884416054e-01
1.074416784963177496e-01,4.824477811546458161e-01,3.154304487457137984e-01
2.969312830529656777e-01,4.900523615389572596e-01,2.567046752475128368e-01
4.191021834564322979e-01,4.833304556635391047e-01,4.461906636196201204e-01
8.529215109272275663e-02,4.795281654713834385e-01,5.043245244507658098e-01
4.455239115462026889e-01,5.031566830940652491e-01,4.154349950739462116e-01
1.339219762745010867e-01,4.836699458592673695e-01,5.041999293911972879e-01
4.575230010611240350e-01,4.907313419304136781e-01,3.934891913582230227e-01
3.757547911669972818e-02,4.795281654713834385e-01,3.929232972804815871e-01
7.605292502616672889e-02,4.846205184073062999e-01,3.193159270692998986e-01
8.104586099120797416e-02,4.847563144855975281e-01,2.817106563943666542e-01
1.066179186661307399e-01,4.860463772293646123e-01,2.515184593681187852e-01
4.923791589487916398e-01,5.028850909374826816e-01,2.703013965297985655e-01
2.655413461214816695e-01,4.796639615496747777e-01,5.417051669504688860e-01
1.950696121872136923e-01,4.866574595816753335e-01,4.014377442698080500e-01
1.606369425821623786e-01,4.855031929161995885e-01,4.265054847349536438e-01
2.128978030425135448e-01,4.815651066457526386e-01,3.408966702850791952e-01
3.378045158650400115e-02,4.809540242934418619e-01,4.100764201725826119e-01
4.887346604410479078e-01,5.042430517203954077e-01,2.994868157863557201e-01
4.003137865142565310e-01,4.821761889980633597e-01,2.986540071694860909e-01
2.880853764128810113e-02,4.785775929233445636e-01,2.908592086735626303e-01
1.118245741868634235e-01,4.844847223290149607e-01,2.432226342618288017e-01
4.933025531437429390e-02,4.814293105674612994e-01,2.984023620242116648e-01
2.424273631216481983e-01,4.889659929126271010e-01,2.621545596085976815e-01
4.087478910598237869e-01,4.918177105567437257e-01,2.924661854276068285e-01
3.705011723636380538e-01,4.819724948806264342e-01,3.324793691714558186e-01
9.309791677893181072e-02,4.837378438984130113e-01,3.690760818100787821e-01
2.243057026212612604e-01,4.804108399802767271e-01,2.725893323854454708e-01
2.454461736619538148e-01,4.852994987987626629e-01,3.865506716247572028e-01
1.573243947316238511e-01,4.852316007596170211e-01,4.222288821881812204e-01
3.256686897302726869e-01,4.850958046813257374e-01,3.003909893991327795e-01
1.568510287103799250e-01,4.857068870336364586e-01,2.924995154044537360e-01
1.893133996412104114e-01,4.863858674250927661e-01,2.465777833309869271e-01
1.858767008474583315e-01,4.864537654642385189e-01,2.819845031409153879e-01
2.717470666726395923e-02,4.836699458592673695e-01,3.436334288193421127e-01
4.346628762444176841e-02,4.789170831190727173e-01,2.739986698959787637e-01
4.300798610643833952e-01,5.030887850549194962e-01,2.319658791449832613e-01
4.490804478155118185e-01,4.903239536955398270e-01,3.496966723158973500e-01
3.962628644276697809e-01,4.920214046741807623e-01,4.249658768771807926e-01
2.675398198798775162e-01,4.847563144855975281e-01,3.883158527711559893e-01
1.285083281577847902e-02,4.868611536991123145e-01,4.080384302270454455e-01
3.151879362259476514e-01,4.964347772186471497e-01,2.915714603902637703e-01
3.643811951857420794e-01,4.922929968307633297e-01,3.242208771911749832e-01
3.411155117388827707e-01,4.830588635069565373e-01,3.526558173692115883e-01
7.458306457725910610e-02,4.797997576279660059e-01,2.794599546694295222e-01
6.727882269283813610e-02,4.808182282151506337e-01,2.351594331257926829e-01
9.975446875206700481e-02,4.882191144820250406e-01,2.525880157608455523e-01
3.015029409306797525e-01,4.880833184037337569e-01,2.847343678732977001e-01
4.582303839249277089e-01,4.869969497774035427e-01,4.107832524837470300e-01
4.474249174182680644e-01,4.977248399624142894e-01,4.734179987264810485e-01
5.817575652610834647e-02,4.825156791937915135e-01,3.290629978077252438e-01
8.875101842665084062e-02,4.823119850763545879e-01,2.794271411405847561e-01
2.693693050225141605e-01,4.869290517382579009e-01,2.773458100575443286e-01
4.614693530474908711e-01,4.807503301760049363e-01,3.650563983713230876e-01
1.076269018175144421e-01,4.860463772293647233e-01,3.193160000325643844e-01
8.507020625441008566e-03,4.882191144820250406e-01,2.581762198412359544e-01
1.148511543825301295e-01,4.829909654678109510e-01,2.206782366595016476e-01
1.564009805847372259e-01,4.890338909517726873e-01,2.536525230992437985e-01
3.408033391665616918e-01,4.959594909446276567e-01,3.240157505477571087e-01
4.653690039009775736e-01,4.862500713468015379e-01,4.761554404761345616e-01
4.159862954586123207e-01,4.910029340869961345e-01,3.573292377785394214e-01
1.624076737468863607e-01,4.843489262507237325e-01,3.185202038130788282e-01
2.541611272736719052e-01,4.823119850763545879e-01,3.116668917021854224e-01
4.449696628138247179e-01,4.920893027133262931e-01,4.193692942547723179e-01
4.456573268659461129e-01,4.808861262542961645e-01,3.659805536453042407e-01
3.907109642771476876e-01,4.918856085958894786e-01,2.759692377997510215e-01
4.245438751177251779e-01,4.879475223254424732e-01,2.959581233000674327e-01
2.219991935753957146e-01,4.905276478129766415e-01,3.386784737957224123e-01
4.115034244417407616e-01,4.910708321261417764e-01,3.740823900645834366e-01
3.445992623915545838e-01,4.834662517418303329e-01,5.655710563819239534e-01
3.238121429269135154e-01,4.857068870336364586e-01,5.871509175471614217e-01
1.332757726233132489e-01,4.819045968414807923e-01,4.681427130530213532e-01
4.206700630558706244e-01,5.049220321118517152e-01,3.849417856211089228e-01
4.358117864987785528e-01,4.942620399659866659e-01,5.747088037193316401e-01
2.581129468243360536e-01,4.977248399624142894e-01,6.853316511235749697e-01
1.541285256725257735e-01,4.882870125211707379e-01,6.128021213310232973e-01
4.377464910888099192e-01,4.930398752613653346e-01,5.317415937394982528e-01
2.241343742524641303e-01,4.863179693859471797e-01,5.415011674886014426e-01
4.056237439071427309e-01,4.880154203645881705e-01,5.449995064241731635e-01
2.463352740671520547e-01,4.960952870229189959e-01,6.229564690816730144e-01
3.247825699452423498e-01,4.878117262471511895e-01,5.795401011598019236e-01
2.918631800217512673e-01,4.861821733076559515e-01,4.995162684724974156e-01
2.464677814422596147e-01,4.893054831083552547e-01,5.733381070833166726e-01
1.164803367068766859e-01,4.814972086066068857e-01,5.984276473541185748e-01
1.383197863775930125e-01,4.874722360514230357e-01,4.978753493878549374e-01
1.154742492223724826e-01,4.875401340905686776e-01,4.208134114010094740e-01
3.687263859326614934e-01,4.867932556599666727e-01,4.159116532307465253e-01
2.847715192877495194e-01,4.861821733076559515e-01,4.588499907321809124e-01
4.443813862899962386e-01,4.927003850656370143e-01,5.305016819823186180e-01
2.558319846713724699e-02,4.826514752720828527e-01,5.612209638763447916e-01
4.693256763000354659e-01,5.120513262221436657e-01,4.249511627011811621e-01
3.512211419941073109e-01,4.882870125211707379e-01,5.387963939349990072e-01
4.430584556769704418e-01,4.973174517275403828e-01,5.267423470125567331e-01
1.364083816997615495e-01,4.808182282151505227e-01,4.664373091382353342e-01
3.493501330474283462e-01,4.925645889873457861e-01,3.811599709385387058e-01
1.693075434404467394e-02,4.833304556635392157e-01,3.649157860466548664e-01
3.322895678110886486e-01,4.913424242827243438e-01,3.040374402930612341e-01
1.985101601305294672e-01,4.761332635141016789e-01,4.024353899190470374e-01
1.692349732949011143e-01,4.873364399731318075e-01,4.436240247856854113e-01
1.954411726933442672e-01,4.841452321332868070e-01,3.374965030475015615e-01
1.239990423820505616e-01,4.833983537026848021e-01,4.095528720571189885e-01
3.823212773928155728e-01,4.909350360478505482e-01,3.736907069011154992e-01
3.438366519458591064e-02,4.818366988023351505e-01,5.411199364246154220e-01
8.891238532254702731e-02,4.832625576243935184e-01,3.782573570081806391e-01
1.944513446352093555e-01,4.859784791902189705e-01,3.345160699184396291e-01
1.902682185758386990e-01,4.836699458592673695e-01,2.703505890071958850e-01
2.754115211130775953e-01,4.869290517382579009e-01,3.272415105687335179e-01
1.725792143099025289e-02,4.831946595852479875e-01,3.426554978062293921e-01
4.100785541506427045e-01,4.975211458449773083e-01,2.715712363966150678e-01
4.225912561670539525e-01,4.915461184001612693e-01,3.503895851844911480e-01
4.413626998992156714e-01,4.944657340834236470e-01,3.467768985845649521e-01
2.640887630509644035e-01,4.752505890052082793e-01,5.184666246004075996e-01
1.507599717262543826e-01,4.830588635069566483e-01,3.645932305222607805e-01
5.504791588631707810e-03,4.789849811582184147e-01,2.933762689837707827e-01
4.620419691982837751e-01,4.996259850584920947e-01,2.397849272497924178e-01
2.550155728027636015e-01,4.810219223325875038e-01,3.436700501177930578e-01
3.498064906524447348e-01,4.937188556528216421e-01,3.668509323714232995e-01
2.372417062487343076e-01,4.817009027240438113e-01,2.821748352464350518e-01
1.003127760350767117e-01,4.808182282151506337e-01,3.782385107601550223e-01
1.671689069963147034e-01,4.831946595852478765e-01,3.429537419147021815e-01
4.798232651746575095e-01,4.937867536919672284e-01,3.731798563155720450e-01
3.060015168527760454e-01,4.808182282151505227e-01,4.673956996428810795e-01
3.714878213057986045e-01,4.904597497738311107e-01,3.900954735492396797e-01
3.055452256092278662e-01,4.836699458592673695e-01,2.879282339057330775e-01
3.401078671400202258e-01,4.837378438984129003e-01,4.481288077396934355e-01
3.115271912303700930e-01,4.783738988059076935e-01,4.470073523153846873e-01
1.271623492416830703e-01,4.779665105710337869e-01,4.821363064642978369e-01
4.197635592945015426e-01,4.953484085923169356e-01,3.838914410794502796e-01
4.824950086553643769e-01,4.871327458556948820e-01,3.551255313553233206e-01
3.362681529793568047e-01,4.749110988094801256e-01,3.981565748324140674e-01
3.057582381095351187e-01,4.859105811510733841e-01,5.417600718406331284e-01
1.180705492737020301e-01,4.814972086066069967e-01,5.166853949691229131e-01
6.608338933856539033e-02,4.833983537026848021e-01,4.306175648017629420e-01
7.629197642703866578e-03,4.800034517454029315e-01,3.518708791329061558e-01
1.348737710703481474e-01,4.811577184108787320e-01,2.860799570973728834e-01
2.490032259626891453e-01,4.918856085958894231e-01,3.088306564231596552e-01
1.403935859485243576e-01,4.844847223290149607e-01,3.027627491229022416e-01
4.139055917091478687e-01,4.958236948663364285e-01,3.378990945596443418e-01
2.150045285767157588e-01,4.865216635033841053e-01,5.656349043374698793e-01
1.527536575144344821e-02,4.778986125318881450e-01,4.924059091737317262e-01
8.477312446845963745e-02,4.836020478201216721e-01,3.565213993254728875e-01
8.947402045435209894e-02,4.853673968379083048e-01,2.923708836509277820e-01
3.067938649263850515e-01,4.926324870264914280e-01,2.510343742233421827e-01
2.866920605590214666e-01,4.814293105674612994e-01,2.233221979792262557e-01
8.387637887534782344e-02,4.795281654713834385e-01,2.631505764163762917e-01
1.158159340186362685e-01,4.783060007667619962e-01,2.549291742190094023e-01
1.348478523821363129e-01,4.856389889944908167e-01,2.434420442832004317e-01
2.596012678065075518e-01,4.825156791937915135e-01,2.966871777304638247e-01
1.290886616414128052e-01,4.800713497845485733e-01,3.207852110811533208e-01
2.136606640575094418e-01,4.902560556563941851e-01,2.472253328519877780e-01
1.256552686291544374e-01,4.805466360585680663e-01,2.353235346265711014e-01
3.192012535965708664e-01,4.903918517346854133e-01,2.183860787850874785e-01
4.316905554556511593e-01,4.841452321332868070e-01,3.403003249858594370e-01
3.409432795514590331e-01,4.822440870372089461e-01,4.327135541278731568e-01
5.403966600485549110e-02,4.785775929233445636e-01,3.344350532341152649e-01
1.399020037037875808e-01,4.847563144855975281e-01,2.586167063050507364e-01
1.025970665987455122e-01,4.846205184073062999e-01,2.437436259215949863e-01
3.696618497144175119e-01,4.858426831119277978e-01,2.487612871939947901e-01
2.963093839814057717e-01,4.895770752649378221e-01,2.820323575320795584e-01
1.736521415010011671e-02,4.780344086101794288e-01,3.196444779026031968e-01
1.154937462442580665e-01,4.866574595816753890e-01,2.457379025486395308e-01
2.277960699879179041e-01,4.851637027204713237e-01,2.649514379590666158e-01
1.570467739635841853e-01,4.880833184037337569e-01,3.663492472678879786e-01
2.496139886945925590e-01,4.829230674286653091e-01,3.451180092649261955e-01
6.850931395855647255e-02,4.823119850763545879e-01,2.739731337111475096e-01
2.434488557534851272e-01,4.828551693895196673e-01,2.355953146925431896e-01
3.173881100977810066e-01,4.958236948663364285e-01,2.414328221296023480e-01
1.053266259000276150e-01,4.840773340941411651e-01,3.825046978464649028e-01
4.441879192762547834e-01,5.035640713289391002e-01,3.181251215075288075e-01
1.157789584142354666e-02,4.787133890016358473e-01,2.546219625219989235e-01
4.258500642643491263e-01,4.952126125140257074e-01,2.156742212036908413e-01
9.850690112201049287e-02,4.831946595852478765e-01,3.414676483988824396e-01
2.220088981916449322e-01,4.880833184037337569e-01,2.764365406921283075e-01
6.526483055601395300e-02,4.833983537026848021e-01,3.059310247177342568e-01
4.575080405549082907e-01,4.978606360407055176e-01,2.420165322598519797e-01
2.426681360130300558e-01,4.805466360585680663e-01,3.737240502833689693e-01
7.053751130209529041e-02,4.841452321332868070e-01,3.828076348372797533e-01
1.555575681954383671e-01,4.821082909589177179e-01,2.851936309660526581e-01
3.744507616288729190e-01,4.884907066386075525e-01,3.319252607446194769e-01
2.237481219488896000e-01,4.864537654642385189e-01,2.560320138022306180e-01
2.861057420055076461e-01,4.955521027097537501e-01,3.582826218600694279e-01
4.527696296919458963e-01,4.927682831047827672e-01,3.062577620543058821e-01
1.133648259453443607e-01,4.797318595888203641e-01,3.904105396833190689e-01
8.868933704378190175e-03,4.791886752756552847e-01,2.913229521685342105e-01
5.100720236012501463e-02,4.849600086030344537e-01,2.403567680703201925e-01
6.847531841101150984e-03,4.834662517418304439e-01,2.293268972080040602e-01
9.679296472332016288e-02,4.852316007596170211e-01,2.047462301158321785e-01
3.684755231377181417e-01,4.901202595781028459e-01,2.136344781285257621e-01
1.622909327067867946e-01,4.857747850727820449e-01,4.012012354272880277e-01
2.181435733113649689e-01,4.825156791937915135e-01,3.328339106084985399e-01
3.988837747541107426e-04,4.835341497809760303e-01,3.428671328071282165e-01
4.069427118079921302e-01,5.039714595638129513e-01,2.537546540617936497e-01
3.168956814881080386e-01,4.844168242898693189e-01,2.821260759572582488e-01
4.029210807465851141e-01,4.994222909410552802e-01,2.282408159672478787e-01
2.037333386415332570e-01,4.817009027240438668e-01,2.304445263032975644e-01
2.493521699327430619e-01,4.835341497809760858e-01,2.025569244386777323e-01
4.078821160830972126e-01,4.907313419304136781e-01,2.242386547846768052e-01
2.770608727832116758e-01,4.819045968414807923e-01,4.231190831403234265e-01
2.610264456030373936e-01,4.846205184073062999e-01,3.561870712415239337e-01
3.945808623471592780e-01,4.909350360478504927e-01,3.434942535436856792e-01
2.728366501344925421e-01,4.810219223325875038e-01,2.528682607862956511e-01
1.202396607074185386e-01,4.832625576243935184e-01,3.777678172874856521e-01
3.907054511063731139e-01,4.880154203645881705e-01,3.256593000661560655e-01
3.266939001475904769e-01,4.913424242827243438e-01,4.821050827187003396e-01
4.304309291604292986e-01,4.903239536955398270e-01,4.220505209092172416e-01
3.377471252215291098e-01,4.855031929161994775e-01,4.595690905390553693e-01
2.927795134984126357e-01,4.865216635033841053e-01,5.287755969478644680e-01
3.905737329960509707e-01,4.965705732969384334e-01,4.853134547260714582e-01
2.898616334434189201e-01,4.848921105638887563e-01,4.964017852392090813e-01
2.484506454419821986e-01,4.885586046777531943e-01,5.240804962196331518e-01
1.463267291951786397e-02,4.820403929197720205e-01,4.730116328349335264e-01
2.289795030722777125e-01,4.874722360514230357e-01,3.527377696354336845e-01
3.502677436668599764e-02,4.838736399767042395e-01,4.202592758986927191e-01
3.357354671897399001e-01,4.850279066421800955e-01,3.408329396936345956e-01
2.400834483615861825e-01,4.799355537062572341e-01,4.957553668430776384e-01
4.430531541529953432e-01,4.914103223218700411e-01,4.838049584457103647e-01
3.752345487646825406e-01,4.817009027240438668e-01,5.510155021659544072e-01
2.080883830387998401e-01,4.825835772329371554e-01,6.125128949867515438e-01
9.242314792690509151e-02,4.810898203717330901e-01,5.197135757813740042e-01
3.138996195964204317e-01,4.874722360514230357e-01,4.144064280796369015e-01
3.344938273727843248e-02,4.842810282115780351e-01,3.278523362981634603e-01
4.296693132482021782e-01,5.049899301509974681e-01,2.839209848207040476e-01
1.345426366348143610e-01,4.852316007596169101e-01,2.709246639413677160e-01
2.213026178103030817e-01,4.823119850763545879e-01,3.072923238667917278e-01
4.552360940004205325e-01,4.960952870229189959e-01,3.374482159799438996e-01
3.674095091226896592e-01,4.878796242862968313e-01,5.731020575924423710e-01
4.059738602557624310e-01,4.876080321297143749e-01,5.990272665596565460e-01
4.559565415043358994e-01,4.907313419304136781e-01,5.336053475369688659e-01
4.978953941396370708e-01,4.939904478094042095e-01,4.344775094125501447e-01
2.771453051596317607e-01,4.886265027168988917e-01,5.534551158975471452e-01
4.365295701707849196e-01,4.685965811689358773e-01,3.967516744423942310e-01
3.608315059841931682e-01,4.969779615318122845e-01,5.854738798052639970e-01
2.521271477044713105e-01,4.817688007631894531e-01,4.828748626772358943e-01
7.866057951947391658e-03,4.852316007596169101e-01,4.445317249356645073e-01
3.664319443352542782e-01,4.845526203681606026e-01,3.485468416004233738e-01
2.429633246769832278e-01,4.786454909624902609e-01,4.928074427300191962e-01
4.720283157652026551e-01,5.038356634855216676e-01,5.158342169710582459e-01
2.100421473189555410e-01,4.888980948734814591e-01,7.010868234772293928e-01
4.782457216450451964e-01,4.829909654678109510e-01,6.409182830174241507e-01
1.861881843967251871e-01,4.884907066386075525e-01,6.565208290453706796e-01
3.556016854667922167e-01,4.891017889909183292e-01,5.917117059250180944e-01
1.543839998405686642e-01,4.822440870372089461e-01,6.315283162830577224e-01
3.514522255137841333e-01,4.882870125211706269e-01,5.217162372137017501e-01
2.497206358552959693e-01,4.971816556492491546e-01,4.053127936127707276e-01
4.558435997837528286e-01,4.886265027168988917e-01,4.704345427828425796e-01
1.435433444044468265e-01,4.799355537062573451e-01,5.396375281694465453e-01
4.208594217192864750e-01,4.936509576136759447e-01,5.166401315961041130e-01
3.580411409727404792e-01,4.890338909517726873e-01,5.341991035696506129e-01
3.794423265942953871e-01,4.863179693859471797e-01,6.642421760070597037e-01
4.661467791252779658e-01,4.927682831047827117e-01,5.889716744992774533e-01
2.264853009131677641e-01,4.869290517382579009e-01,6.862540432369299559e-01
4.683839525686243621e-01,4.912745262435787019e-01,5.490669070339972979e-01
2.010949335064954879e-01,4.806145340977137081e-01,6.619895091638519080e-01
2.349062263852013110e-01,4.827193733112284946e-01,5.598346108837147783e-01
3.336510110134962570e-01,4.948052242791519117e-01,5.901189741259521560e-01
2.997424904342671503e-01,4.849600086030344537e-01,5.226939711935001398e-01
4.538028683886407566e-01,4.907313419304135671e-01,5.995478776102690643e-01
3.573956929679049099e-01,4.908671380087049618e-01,7.021574110454295026e-01
4.505392631883992638e-01,4.891696870300639155e-01,7.290951974946948688e-01
2.501722256032212766e-02,4.857068870336364586e-01,8.593998261214954582e-01
9.982021358399018052e-02,4.825156791937915135e-01,6.439119447919799955e-01
4.928832941934421230e-01,4.841452321332868070e-01,5.699302891962776396e-01
2.063962836703026049e-02,4.838736399767042395e-01,6.031335133221646938e-01
2.434061400539541675e-01,4.973853497666860801e-01,4.806068914054080210e-01
3.709524084687426115e-01,4.888980948734813481e-01,5.174066148817570987e-01
4.417491493896382737e-01,4.982680242755793687e-01,5.831246895245217887e-01
3.894362687073756879e-01,4.823119850763545324e-01,7.589815183997090653e-01
4.779299161770015347e-01,4.819045968414807923e-01,7.811547976273661709e-01
1.157806803053438305e-01,4.823119850763545879e-01,9.122556472495270130e-01
4.933330797172668647e-01,5.003049654499485133e-01,6.840789305961111344e-01
4.633866602242448507e-01,4.865216635033841053e-01,6.025991896160203254e-01
1.354275910809244476e-01,4.867253576208209753e-01,8.190150969727595376e-01
4.720212457569123998e-01,4.927682831047827672e-01,6.260018959055007048e-01
3.249480928114903966e-01,4.850958046813257374e-01,6.718920652819566630e-01
2.521731625635457719e-01,4.932435693788022602e-01,7.160792446059849325e-01
3.322104694298601002e-01,4.876080321297143749e-01,7.381035980698914534e-01
2.012211455817874972e-01,4.871327458556947709e-01,7.852761310365976577e-01
3.460542117310448917e-01,4.897807693823746922e-01,7.678944597713960318e-01
3.613611551029444202e-02,4.856389889944908167e-01,6.716400177758393708e-01
4.729525009255669543e-02,4.812935144891700157e-01,5.660799460625650648e-01
2.957918633129249519e-01,4.906634438912679252e-01,4.998234658963447430e-01
2.143535641800888292e-01,4.960952870229188849e-01,4.815191899301962675e-01
4.425381106764664230e-01,4.937867536919672840e-01,5.533039352219719653e-01
2.295256331727372201e-01,4.877438282080056031e-01,6.601791700482471104e-01
3.937217896087437663e-01,4.827193733112283835e-01,5.974484223043025066e-01
1.090925630153130599e-01,4.869969497774036538e-01,6.642638672360915431e-01
1.162188502247363253e-03,4.863179693859471797e-01,5.397038102087711176e-01
4.525060346530209165e-01,5.047862360335606535e-01,4.244756486539841278e-01
3.195864711624653576e-01,4.895091772257922358e-01,3.719638559453501969e-01
3.798631620819323262e-01,4.916140164393068557e-01,3.339248159293053408e-01
3.333130194595146922e-01,4.910029340869961345e-01,4.543131448259001282e-01
2.589432261917721245e-01,4.874043380122773383e-01,4.588846259837628949e-01
2.426569963486612247e-01,4.843489262507237325e-01,5.256162629338142489e-01
2.554690050702818072e-02,4.863179693859471797e-01,4.734417015736972489e-01
1.517118455021698731e-01,4.879475223254424732e-01,3.717885035514545411e-01
6.565279608824980961e-02,4.816330046848982249e-01,3.222154616605154009e-01
2.185224199037126835e-01,4.887622987951901199e-01,2.656740372034490649e-01
2.462676375470497780e-01,4.938546517311129813e-01,3.811916158926411669e-01
1.522852988085526826e-02,4.800034517454029315e-01,4.078703403216570322e-01
1.390688769519147217e-01,4.885586046777533054e-01,3.125087177641570069e-01
4.960536891933320369e-02,4.878117262471512450e-01,3.253705547004787091e-01
4.030034102805580276e-01,4.896449733040834085e-01,2.794239884302313071e-01
3.667382558420417271e-01,4.897128713432290503e-01,3.817204516566210515e-01
4.228369301663709168e-02,4.836020478201216721e-01,2.957754793613489586e-01
3.292455078424856296e-01,4.951447144748799545e-01,2.478018942124645962e-01
4.325322180582951148e-01,4.997617811367833229e-01,2.466549614591116990e-01
3.988632938260840977e-01,4.872006438948404683e-01,3.545475306874190657e-01
1.559665756469941766e-01,4.785096948841989217e-01,4.110151654332284687e-01
3.052784025917386623e-01,4.912745262435787019e-01,2.939179967978724495e-01
1.179381280343069771e-01,4.873364399731316965e-01,2.981310057091473564e-01
4.850520690271259983e-01,4.948731223182974981e-01,2.449373287091765328e-01
1.795607176120391224e-01,4.832625576243935184e-01,5.040986769915991594e-01
3.461772449627681936e-01,4.920893027133264042e-01,4.326441881849654170e-01
3.383890436162603210e-01,4.794602674322378522e-01,3.237747003119637590e-01
3.315610509370512382e-01,4.861142752685102542e-01,4.186060762806166347e-01
4.219382547968051900e-01,5.007123536848222534e-01,5.145470473226653185e-01
3.529267471293819347e-01,4.897807693823746922e-01,6.044743196498468807e-01
6.955748154360530400e-02,4.874043380122773383e-01,4.861990430034516253e-01
4.544945285264331281e-01,4.964347772186472052e-01,3.779006525867815158e-01
3.848710582059974294e-01,4.836020478201216721e-01,3.732330737041684721e-01
3.070583560498296727e-02,4.869290517382579009e-01,5.718733010994823118e-01
1.651896650596013094e-02,4.877438282080056031e-01,4.115733866914819128e-01
3.115421734635022699e-01,4.960273889837732986e-01,3.249588584910946820e-01
5.809290351973839250e-02,4.804108399802767271e-01,4.272283113746246919e-01
3.934279287444299444e-01,4.962310831012102241e-01,3.534131840223583287e-01
4.515084935249416009e-01,4.878117262471511895e-01,5.335805648985585403e-01
2.391063654660276483e-01,4.899844634998116177e-01,6.182050846905990937e-01
5.321827221268615737e-03,4.802071458628399125e-01,4.488302132017533141e-01
1.330662881881981008e-01,4.848242125247431700e-01,3.379353609197726094e-01
4.289964335595432554e-01,4.954842046706081637e-01,3.525604793419229166e-01
4.074547481744462130e-01,4.893733811475008966e-01,3.027407280803971479e-01
1.411195239745520746e-01,4.819724948806264342e-01,2.631470682498927571e-01
1.645580209891398527e-01,4.909350360478505482e-01,2.970284720025035963e-01
4.529499616369024317e-01,5.091996085780269299e-01,2.618834644334966932e-01
4.040490097538406156e-01,4.905955458521223389e-01,4.952259766784873340e-01
5.180497202377637445e-02,4.829230674286654201e-01,6.190599748112372014e-01
2.088166555712496208e-01,4.915461184001612693e-01,4.280056157744497325e-01
1.482080657325939854e-01,4.895770752649378221e-01,3.115270141389806513e-01
2.089944676534281065e-01,4.937188556528216421e-01,2.801917588748275567e-01
3.498213656570509089e-02,4.798676556671116478e-01,3.691381628990345609e-01
3.503186627714899304e-02,4.888301968343357617e-01,2.990826126826308662e-01
3.215724553082966453e-01,4.984717183930163498e-01,2.513384121628767787e-01
1.842744993027807254e-01,4.895770752649378221e-01,3.001752816863323403e-01
4.680192963776740323e-01,5.013913340762785609e-01,3.695193873738680246e-01
1.469372306105614645e-01,4.821082909589177734e-01,5.633008313396463684e-01
4.623545584592902991e-02,4.869969497774036538e-01,3.871915900703306601e-01
1.427994378497576822e-01,4.865216635033841608e-01,2.995494322772169760e-01
2.897102378382495624e-01,4.894412791866465939e-01,2.729987944237393660e-01
4.479724428559702099e-01,4.929040791830739954e-01,3.190286267289464961e-01
4.187049878070444597e-01,4.905276478129766415e-01,2.739496531067666663e-01
4.775359770705490670e-01,4.983359223147250106e-01,2.498835677643738429e-01
4.381560679817680937e-01,4.790528791973640566e-01,4.463762547450437213e-01
5.763187986246637307e-02,4.841452321332868070e-01,4.327378741955094643e-01
3.506194817665195806e-01,5.038356634855215566e-01,3.484879415542343484e-01
9.498390476159856988e-02,4.870648478165491291e-01,3.444396164017344830e-01
3.528965769535298835e-01,4.929040791830739954e-01,2.680373641927074613e-01
9.160631310688760465e-02,4.871327458556947709e-01,2.996309946862955043e-01
3.607285236571416420e-01,4.918856085958894231e-01,2.784717227152543328e-01
8.607226623503705376e-02,4.878117262471512450e-01,4.713415954214726922e-01
4.660608553870868032e-01,4.984038203538705969e-01,3.759036563238503659e-01
2.057267316315847250e-02,4.807503301760049363e-01,6.126832409817337677e-01
2.042694201365245488e-01,4.926324870264914280e-01,4.161286928524585704e-01
4.122684493180610588e-01,4.987433105495988062e-01,3.225575576443607817e-01
2.343103008843551160e-01,4.770838360621404983e-01,4.738721773980845153e-01
1.566571581289660786e-02,4.857747850727822114e-01,3.670752036751342429e-01
4.016651982059131765e-01,4.928361811439283535e-01,2.897323737638116126e-01
6.596923358571266105e-02,4.821761889980632487e-01,2.987172875193321864e-01
4.609773785381410249e-03,4.821761889980633597e-01,2.836573704799022488e-01
5.600002269193915527e-02,4.842131301724325043e-01,2.411710610085465445e-01
2.981335873189235874e-01,4.872685419339861101e-01,2.558939924530241328e-01
3.493601462209116049e-01,4.936509576136760558e-01,2.315364864363535224e-01
1.976477642373186128e-01,4.829909654678109510e-01,3.133246006320095645e-01
1.828404098525016064e-02,4.869290517382579564e-01,3.644367060776630973e-01
2.165763714282779584e-01,4.981322281972880850e-01,2.725987280859293316e-01
2.775924765493055779e-01,4.878796242862968313e-01,2.266429688063409664e-01
3.564521564887441762e-01,5.041751536812497658e-01,3.667191862076392139e-01
3.167428571329127807e-01,4.926324870264914280e-01,2.976317027030009887e-01
4.020064878281420784e-02,4.880154203645880595e-01,2.339459620591452516e-01
1.055404965587765642e-01,4.884228085994619661e-01,2.063587149462550729e-01
1.946973175886299590e-01,4.918856085958894231e-01,2.376766476336639455e-01
3.667595974834795824e-01,4.827193733112283835e-01,3.060231175314288565e-01
1.327500109893757219e-01,4.823119850763545879e-01,3.437720052283677052e-01
3.807596595045758536e-01,4.986075144713074669e-01,2.558597148078321504e-01
2.633519248088368458e-01,4.822440870372089461e-01,3.355984908038819325e-01
3.054945345104909116e-02,4.880154203645881705e-01,3.574917391094423191e-01
9.225328047133068976e-02,4.848242125247431700e-01,2.761521911786470884e-01
3.209059214307422581e-01,4.929719772222195817e-01,2.660352418809855957e-01
4.159069711784443846e-01,4.930398752613653346e-01,2.366580329901057655e-01
3.199778615860324749e-01,4.937867536919672840e-01,2.702279740080505421e-01
1.967877229701500141e-01,4.819045968414807923e-01,3.135037146998490565e-01
2.358884577061297616e-01,4.836020478201216721e-01,3.487310693640393033e-01
2.654074350585360342e-01,4.855031929161995885e-01,3.039705465886297642e-01
6.280508916327587343e-03,4.857068870336364586e-01,3.878277420230661354e-01
1.456748966639202503e-01,4.894412791866464829e-01,2.788688483527528295e-01
3.709254248094011053e-01,4.883549105603163243e-01,2.327167217096380303e-01
3.812561222804672356e-01,4.920214046741807623e-01,2.550585267012884794e-01
3.944453654841708623e-01,4.892375850692095574e-01,3.969404263147476852e-01
1.023024583858342940e-01,4.858426831119276867e-01,5.251883812486151104e-01
1.047098766601401998e-01,4.883549105603163243e-01,3.936566440661746213e-01
4.460077263150967197e-01,4.950089183965887263e-01,3.166447376639435207e-01
4.555802911102252994e-01,4.907313419304136781e-01,4.072621530040487769e-01
7.085208624376176934e-02,4.822440870372089461e-01,4.747831347259086066e-01
1.704745974204958103e-01,4.893054831083552547e-01,3.302001365440924707e-01
2.363014443139104248e-01,4.978606360407054621e-01,2.959337580805958545e-01
4.386327985169770627e-01,4.969779615318121735e-01,3.739435226657926714e-01
2.125279000857697720e-01,4.847563144855975281e-01,5.335113052939375322e-01
4.079598710440722753e-01,5.043109497595410495e-01,4.937837601778757302e-01
2.958918906701541451e-01,4.858426831119276867e-01,4.130724760225729097e-01
1.697952469352792537e-02,4.899165654606659759e-01,3.536877090300952764e-01
3.613165110273175440e-02,4.827193733112283835e-01,2.880764270589566411e-01
3.374543908759975452e-01,4.871327458556947709e-01,2.682146422338671510e-01
2.269262580258776807e-01,4.899165654606659759e-01,2.676272387086537918e-01
2.986685136088159664e-01,4.879475223254424732e-01,2.867303649424929324e-01
4.940256928765233702e-01,4.930398752613653346e-01,3.431298598480807538e-01
3.814066629791422192e-01,4.881512164428793987e-01,5.901197632331350862e-01
1.563784213024486669e-01,4.810898203717332011e-01,5.118678766219405540e-01
3.043814885841373274e-01,4.859105811510733841e-01,4.469268716979596379e-01
1.033271947472752528e-01,4.817688007631894531e-01,4.534075797139478503e-01
4.467149081085828310e-01,4.988791066278901454e-01,3.250232892626897518e-01
2.003420507822212260e-02,4.860463772293647233e-01,2.831654741529412433e-01
1.021355188818446891e-01,4.822440870372089461e-01,2.485552446248465719e-01
3.351827003331595001e-01,4.888980948734813481e-01,2.560179745420243513e-01
1.546241629687148400e-01,4.867932556599666727e-01,3.749068234119746768e-01
7.340694797714120146e-02,4.872685419339861101e-01,3.989076672328221163e-01
2.085127257723056182e-01,4.859784791902189705e-01,3.392347214943882694e-01
2.989317013228121045e-02,4.823798831155002853e-01,3.123877779741713878e-01
2.768840118088680691e-01,4.929040791830739954e-01,2.610725156196425645e-01
4.656299353927292328e-01,4.893733811475008411e-01,2.636954823414555671e-01
3.421572168919773116e-02,4.802750439019854989e-01,5.314989230409559173e-01
2.570016535606238772e-01,4.841452321332868070e-01,3.473631652501948386e-01
4.831844898097639729e-01,4.994901889802007555e-01,3.014816376780058427e-01
8.781338461857818301e-02,4.864537654642385189e-01,4.844264979527357351e-01
4.185830138530516886e-01,4.980643301581424431e-01,3.532545451336338571e-01
2.550388778924467803e-01,4.810219223325874482e-01,3.155345987465695279e-01
2.727162580393752145e-01,4.881512164428793987e-01,3.298041881521911467e-01
3.094288389706468800e-01,4.831267615461022347e-01,2.688940835130168572e-01
4.204238532434141917e-01,4.916140164393069112e-01,3.556607595321000792e-01
4.687038792275226573e-01,4.813614125283156575e-01,5.634996098246919383e-01
1.061755248718061484e-01,4.859105811510733841e-01,4.016190724390604760e-01
3.506962050028106792e-01,4.887622987951901754e-01,3.361486850788886205e-01
1.019308074868108815e-01,4.823119850763545879e-01,5.173820771421154818e-01
1.981025060942910865e-01,4.927003850656371253e-01,3.702088564083860778e-01
1.728116059376177960e-02,4.852316007596170211e-01,4.060081009062250779e-01
4.121579219889160983e-01,4.872685419339861101e-01,3.068696760289536529e-01
2.261712922391020397e-01,4.886265027168988917e-01,4.198300849600153928e-01
1.468700274483959456e-01,4.879475223254424732e-01,4.137599218941369061e-01
2.302717841755773098e-01,4.897128713432290503e-01,4.013837907235802138e-01
2.944647533281319896e-01,4.861142752685102542e-01,4.653294695423855210e-01
3.514779617727334937e-01,4.955521027097538611e-01,3.804588431075566213e-01
1.132514105877995836e-01,4.868611536991123145e-01,4.754530118908840697e-01
3.130098326493963024e-01,4.894412791866464829e-01,3.587670075471087738e-01
1.807295617262552612e-01,4.781023066493251261e-01,3.723609089877524259e-01
4.735066834959358317e-01,5.076379536776771673e-01,2.908693905188880491e-01
4.936325866664948436e-01,4.995580870193464529e-01,5.365026864347753888e-01
3.190173175819328022e-01,4.870648478165492401e-01,5.387968716288190629e-01
4.930840025397735804e-01,4.850958046813257374e-01,4.459749129941936729e-01
4.510206671815020774e-01,4.969779615318122845e-01,4.992316232114377694e-01
3.331984060173892592e-01,4.958915929054820149e-01,5.579099893633339136e-01
1.778636748614950691e-01,4.943299380051324188e-01,5.673522602493504818e-01
1.604851724517836198e-02,4.876759301688599058e-01,4.321376763397265508e-01
1.841875751750375323e-01,4.935151615353848276e-01,3.365658952095024192e-01
3.920051481452291320e-02,4.850958046813256819e-01,3.279369003667128579e-01
4.670707798843300451e-01,4.977248399624142894e-01,3.005550889257251335e-01
2.082279870921887044e-01,4.859784791902190260e-01,6.042791085422035691e-01
3.430311206057297668e-01,4.961631850620645823e-01,5.202349361149655183e-01
2.962156739520929172e-01,4.902560556563940741e-01,6.292357993522254000e-01
3.311879013873146871e-01,4.827872713503740809e-01,6.394136937062023796e-01
2.784024300496075188e-01,4.892375850692095574e-01,6.145068095183273682e-01
3.903803233493026159e-01,4.921572007524719905e-01,5.114016579463095402e-01
3.164764935459649098e-01,4.827193733112283835e-01,3.885274046196305342e-01
3.477999164343699712e-01,4.793923693930922103e-01,3.986528229128832868e-01
4.336159216486431545e-01,4.882870125211706269e-01,3.384092362616483718e-01
3.082654185714440165e-01,4.872685419339861101e-01,5.889921088459078025e-01
6.586541321553729400e-02,4.841452321332868070e-01,5.271108969411321121e-01
4.058326526083687602e-01,5.066194830904926505e-01,4.279260801616495691e-01
1.052574298957586474e-01,4.812935144891700157e-01,5.170534732689650026e-01
4.584255265021598968e-01,4.919535066350350649e-01,4.354283125765553430e-01
2.155677957633600483e-01,4.829230674286653091e-01,5.254395376960248054e-01
6.954465665862447077e-02,4.872006438948404683e-01,5.062616042456364873e-01
2.300227479882754333e-01,4.981322281972880850e-01,4.026944049927135838e-01
1.955402873337629965e-01,4.949410203574431399e-01,4.347993997270005462e-01
3.815112078524310335e-01,4.940583458485498514e-01,4.598912128874953487e-01
1.504098632932495683e-01,4.914782203610156275e-01,5.253399157162721433e-01
4.761879117446726206e-01,4.966384713360840197e-01,3.975441714087645240e-01
4.502982740608929557e-02,4.842131301724323933e-01,6.012209023905945582e-01
4.752402155245096238e-01,4.960952870229189959e-01,4.319394074953332163e-01
2.195463403847174311e-01,4.837378438984130113e-01,6.583249613229155139e-01
1.614024625363669196e-02,4.865895615425297471e-01,5.312081775244291704e-01
7.911030439997185360e-02,4.877438282080054921e-01,3.924995723323521091e-01
3.270195345197874359e-01,4.921572007524719905e-01,3.399414669383589160e-01
1.894920576158450332e-01,4.942620399659867769e-01,3.790227688247224114e-01
4.084493328073732221e-01,4.948052242791519117e-01,4.115380882192841705e-01
4.180456812218127371e-01,4.960952870229188849e-01,4.116785516412672097e-01
1.758555932001064637e-01,4.879475223254424732e-01,6.158641190806829480e-01
3.570225276775714773e-01,4.858426831119276867e-01,4.436206575267283014e-01
3.646295356959019518e-01,4.973853497666860801e-01,5.899730049006376431e-01
1.532772677542940665e-01,4.884907066386075525e-01,5.378883837860524153e-01
1.573075099362157836e-01,4.837378438984130113e-01,3.902234614551107761e-01
4.053714952698420082e-01,5.042430517203954077e-01,3.237732980848438968e-01
2.938313196539828476e-01,4.834662517418304439e-01,4.679133037611883372e-01
2.767767586821926473e-01,4.848242125247431700e-01,4.308452244966642919e-01
1.071693878009796208e-01,4.884228085994619661e-01,4.984242170633722546e-01
2.536979526812921382e-02,4.848921105638888673e-01,4.341138072859661579e-01
2.426798621984486148e-01,4.880154203645881705e-01,3.396514798833473181e-01
4.437638241801070138e-01,4.889659929126271010e-01,4.075403092228769841e-01
8.255338989233146352e-02,4.885586046777531943e-01,5.550496572901301162e-01
9.549488496110442037e-02,4.861821733076559515e-01,4.072016148679774572e-01
6.781368622276184865e-04,4.833983537026848576e-01,3.313203544122421129e-01
4.207324519467091628e-01,5.051257262292887518e-01,2.693167005978269746e-01
1.193785090106706526e-01,4.876759301688599058e-01,4.219986625642847544e-01
1.990016008140582660e-03,4.848242125247431700e-01,3.625753688530025665e-01
3.434292346693250120e-01,4.901202595781029570e-01,2.821005482128456365e-01
4.600570625551009263e-01,4.932435693788021491e-01,2.514516632186856171e-01
2.675610480323460383e-01,4.860463772293647233e-01,3.885213019571553961e-01
1.609046925267322847e-01,4.913424242827243438e-01,4.660883826675691344e-01
3.060877300190339989e-02,4.878796242862968313e-01,3.468079098817533623e-01
1.101763480714179622e-01,4.865216635033841053e-01,2.695930525838047265e-01
1.169610652100112058e-01,4.880833184037337569e-01,2.266829630089953473e-01
1.958998637074971239e-01,4.899165654606659759e-01,2.790530869172064832e-01
3.572447099976489016e-01,4.946015301617149307e-01,2.647674997858230350e-01
3.416905646256562790e-01,4.874722360514230357e-01,2.220339124004666875e-01
3.911166028391740435e-01,4.969779615318122845e-01,3.759028628771744485e-01
1.239268219046927300e-01,4.831267615461022347e-01,5.407687494654009885e-01
1.902375238428197779e-01,4.897807693823746922e-01,4.033634699487447239e-01
1.898132898525992651e-01,4.917498125175981949e-01,3.353964036288052952e-01
1.236942805679891455e-01,4.903918517346854133e-01,2.640767453461643210e-01
1.054146254209102906e-01,4.859784791902190260e-01,2.416751400143554718e-01
2.869609477702476652e-01,4.967742674143753590e-01,2.291054485200464674e-01
8.638842268664065349e-02,4.844847223290149607e-01,2.892095319259171404e-01
1.006097547915803525e-01,4.866574595816753890e-01,2.788417737254595963e-01
2.204118160657083658e-01,4.848921105638887563e-01,2.795596948912738577e-01
4.037371169280616900e-01,5.003049654499485133e-01,3.584373038484159890e-01
4.999337582683208159e-01,4.968421654535209453e-01,3.402981665256450405e-01
2.231275222759867560e-01,4.795281654713834385e-01,3.961330954815436289e-01
2.158795017013080408e-01,4.920214046741807623e-01,3.420409507111226710e-01
8.709693753914699021e-02,4.882870125211706269e-01,2.943044182272510634e-01
5.105570053734437286e-02,4.869290517382579009e-01,2.469388810134454659e-01
1.564177891152287447e-01,4.894412791866465939e-01,2.337764525224087786e-01
3.556149898807687837e-01,4.920214046741807623e-01,2.261643883997402349e-01
9.709616338877957720e-03,4.878796242862968313e-01,2.554018462864313110e-01
2.863058060052026677e-01,4.869290517382579009e-01,2.177969144746089714e-01
4.768807575440089930e-01,5.063478909339101941e-01,3.704310206399799021e-01
3.654840838710319839e-01,4.888301968343357617e-01,6.228862835564668021e-01
2.993700383378249952e-01,4.876759301688599058e-01,5.090349770626046988e-01
4.061805760790322406e-01,4.932435693788021491e-01,4.341209318039704890e-01
1.969059827275906893e-01,4.848242125247431700e-01,3.573381076604097428e-01
1.390919711308834517e-01,4.916819144784526086e-01,2.843488520590959356e-01
2.477984744913163673e-01,4.910029340869961345e-01,2.678610465349212655e-01
1.406432786363336351e-01,4.920893027133262931e-01,3.600231103239819319e-01
2.588491164204537731e-01,4.913424242827243438e-01,2.762859485637315093e-01
2.868606194436746915e-01,4.897807693823746922e-01,3.451654494966576170e-01
3.885895808933441109e-01,5.039035615246671984e-01,4.748030632786989225e-01
1.981169930059456519e-01,4.893054831083552547e-01,5.488190225337816752e-01
2.036806882418956133e-01,4.888980948734814591e-01,4.594728596801888054e-01
3.044478406260656689e-01,4.910029340869961345e-01,4.494276760477800003e-01
4.780652584447400710e-01,5.081132399516967713e-01,4.106700549268281764e-01
3.518430358417657389e-01,4.970458595709578153e-01,4.025494414076192795e-01
2.354249954816151069e-01,4.865895615425297471e-01,4.319548980134280125e-01
3.347660088769888187e-02,4.861821733076559515e-01,3.690816098396243472e-01
3.758260356773646116e-01,4.950089183965887818e-01,3.006434181607816614e-01
4.574011219456088906e-01,4.905955458521223944e-01,4.149312512919148821e-01
4.477190326174579349e-01,4.851637027204714347e-01,5.795205201139348450e-01
3.590910415328452121e-01,4.839415380158498259e-01,5.334476343938627796e-01
4.948464917025218734e-01,4.894412791866464829e-01,4.858143426021678257e-01
1.115060910800224070e-01,4.837378438984129003e-01,5.780724733346049860e-01
3.608915021210790108e-02,4.865216635033841053e-01,4.836420702167638641e-01
2.636780130336625616e-01,4.954163066314626329e-01,3.748849508855974788e-01
2.899290977014055692e-01,5.037677654463760257e-01,3.909037645831017205e-01
4.656558064443844236e-02,4.841452321332868070e-01,3.199971015822893339e-01
4.118889801183805432e-01,5.139524713182216376e-01,2.936390406519040486e-01
4.202337197581830774e-01,4.963668791795014523e-01,5.360953748858481305e-01
4.910682327504861666e-02,4.875401340905686220e-01,6.657076489701646560e-01
3.199733825311698587e-01,4.968421654535210008e-01,4.813462817425862017e-01
1.362737416561727866e-01,4.876759301688599058e-01,5.928632412636503091e-01
1.371450392670897078e-01,4.931756713396565073e-01,4.404833004271628827e-01
3.753201200069355425e-01,4.967742674143753590e-01,3.404302082994554168e-01
3.830178160189424141e-01,4.942620399659867769e-01,4.260879510073830589e-01
2.588701647918384419e-01,4.832625576243934629e-01,4.900030326051943996e-01
2.429443702724456422e-01,4.894412791866464829e-01,3.774562675047247184e-01
4.368273089204127713e-01,5.068910752470753289e-01,4.509835092222663766e-01
1.898490461697516785e-01,4.878796242862968313e-01,6.189182923573816053e-01
3.564927699513331660e-01,4.993543929019096383e-01,4.508083166455900681e-01
4.046016114652026818e-01,4.912745262435787019e-01,5.115945670868637940e-01
1.307447068138802293e-01,4.879475223254424732e-01,4.563984585026733543e-01
1.315895730853396950e-01,4.878796242862968313e-01,3.679470680519760784e-01
4.099236984829873753e-01,4.939225497702585121e-01,3.670821062267615176e-01
5.970609090105322148e-02,4.852316007596170211e-01,5.285473763931215485e-01
4.385913265233153946e-01,5.070268713253665016e-01,4.038359475646350338e-01
2.017531776444020375e-01,4.967742674143753590e-01,4.725216901105334655e-01
4.009372674441348816e-01,4.937867536919672840e-01,4.833100302730695130e-01
3.234453581430242752e-01,4.907992399695592090e-01,4.718038748290777074e-01
1.582160264767027980e-01,4.889659929126271010e-01,5.209826426347298201e-01
3.479072582303409655e-01,4.990828007453269599e-01,4.717263223614128753e-01
6.778953235032669777e-02,4.868611536991122035e-01,4.169283339344541650e-01
1.173623828447162287e-01,4.904597497738311107e-01,3.323656423899762902e-01
3.030954583364291466e-01,5.031566830940652491e-01,3.461429563150036914e-01
2.402741238590667128e-01,4.945336321225692333e-01,3.079729003684790190e-01
1.149719480956196138e-01,4.926324870264913725e-01,4.155642531204172263e-01
9.702755332878348904e-02,4.859105811510733841e-01,3.475486740887407944e-01
2.332882194185643687e-01,4.950768164357343681e-01,3.341143138022164560e-01
1.536454694582684022e-02,4.912066282044330601e-01,3.796589487905976945e-01
4.509553034247041348e-01,5.041072556421041240e-01,2.910651111033134564e-01
3.878272430888701772e-01,5.022061105460263741e-01,4.756742508903573086e-01
6.208475571253940783e-02,4.841452321332868070e-01,3.688782576615265985e-01
1.483211827074564781e-01,4.940583458485498514e-01,2.879724710996021120e-01
1.102471201182371185e-01,4.853673968379082493e-01,3.050061906860719319e-01
2.755458875334374502e-01,5.016629262328612393e-01,2.848174344494479593e-01
1.354788106532245906e-01,4.860463772293646123e-01,2.826702147839394996e-01
1.919880768438436136e-01,4.915461184001612693e-01,2.519707626056620353e-01
1.129544710357858195e-01,4.886265027168988917e-01,2.838683275529267913e-01
4.758039650281127297e-01,4.960273889837732986e-01,2.333470598011407049e-01
2.066489931517249690e-01,4.956200007488995030e-01,5.276171881108543404e-01
3.931028147902949632e-01,5.041751536812497658e-01,4.656062265077896001e-01
7.520047321381728711e-02,4.849600086030344537e-01,3.529234673204937334e-01
4.162025413212269154e-01,4.938546517311128703e-01,2.804130980044383659e-01
1.276650671064250564e-01,4.917498125175981949e-01,2.987744914991634637e-01
